,dist1,dist2,dist3,dist4,dist5
0,9999.0,9999.0,9999.0,9999.0,9999.0
1,9999.0,7.529999999999999,10.11,9999.0,6.98
2,2.8099999999999996,3.9699999999999998,3.9699999999999998,5.18,3.3099999999999996
3,5.62,9.37,14.559999999999999,28.4,5.56
4,7.1,4.7,7.1,15.05,4.98
5,0.0,4.44,2.07,8.81,9999.0
6,9.36,5.17,9999.0,5.17,3.3099999999999996
7,3.3099999999999996,19.97,4.54,12.019999999999998,9.36
8,4.54,4.449999999999999,9999.0,4.449999999999999,3.29
9,19.97,11.96,4.449999999999999,5.67,8.44
10,4.54,9999.0,5.67,3.29,9.36
11,0.69,0.69,7.180000000000001,4.4,0.0
12,5.24,15.98,45.69,13.270000000000001,45.69
13,8.58,18.91,7.83,22.39,45.69
14,8.81,2.55,0.0,1.99,2.07
15,9999.0,6.56,0.0,4.44,1.99
16,9999.0,4.44,8.81,9999.0,3.03
17,7.59,17.95,13.479999999999999,19.86,11.29
18,6.98,7.529999999999999,12.04,5.8,9999.0
19,8.44,5.93,0.0,4.449999999999999,5.67
20,9999.0,8.44,9999.0,9999.0,9.659999999999998
21,9.659999999999998,9999.0,6.829999999999999,3.3099999999999996,11.96
22,9.659999999999998,5.93,1.9,9999.0,1.9
23,1.9,5.93,8.139999999999999,19.97,4.54
24,3.03,2.07,2.55,2.07,8.81
25,20.740000000000002,8.82,9.28,7.029999999999999,8.32
26,9999.0,19.97,0.0,0.0,6.829999999999999
27,19.59,6.08,7.979999999999999,0.0,7.83
28,5.1899999999999995,13.799999999999997,5.6,4.71,6.1
29,2.22,2.61,3.46,1.39,1.39
30,1.79,9999.0,2.61,17.27,5.64
31,1.39,1.39,2.11,3.46,9999.0
32,17.27,1.79,1.79,5.64,6.709999999999999
33,1.53,1.9300000000000002,8.7,2.34,9999.0
34,2.34,9999.0,6.13,0.8,9999.0
35,0.62,3.1,1.9300000000000002,0.8,2.34
36,2.5700000000000003,1.53,2.34,1.53,3.46
37,9999.0,9999.0,9999.0,9999.0,9999.0
38,9999.0,9999.0,9999.0,9999.0,9999.0
39,3.3099999999999996,1.41,3.9699999999999998,5.18,3.3099999999999996
40,9999.0,9999.0,9999.0,9999.0,9999.0
41,9999.0,9999.0,2.55,4.44,2.07
42,1.66,9.18,8.34,0.0,2.09
43,9.18,2.08,1.66,4.37,9999.0
44,8.299999999999999,2.09,8.34,3.04,9999.0
45,9.18,3.46,2.09,6.27,3.04
46,2.09,8.34,8.299999999999999,3.04,9.18
47,1.73,8.67,5.5,3.29,9.58
48,11.259999999999998,9.58,1.73,1.73,3.29
49,0.0,4.24,9999.0,4.24,3.04
50,9999.0,3.46,9.18,8.299999999999999,9.18
51,5.12,3.46,0.0,2.08,0.0
52,0.0,9999.0,2.55,0.0,9999.0
53,2.55,0.0,0.0,2.07,4.44
54,8.299999999999999,11.28,2.09,11.28,0.0
55,3.04,2.09,2.08,3.46,6.27
56,3.46,4.24,2.08,11.79,8.34
57,2.08,9.18,8.34,4.37,11.79
58,4.449999999999999,3.3099999999999996,11.96,19.97,5.67
59,0.0,12.019999999999998,5.67,9.36,6.829999999999999
60,8.81,1.99,4.44,9999.0,2.07
61,0.0,2.07,8.81,0.0,3.03
62,1.99,6.56,3.03,2.07,9999.0
63,4.69,9999.0,0.0,0.0,5.300000000000001
64,2.86,9999.0,9.62,12.070000000000002,12.549999999999999
65,9.2,2.16,5.300000000000001,9999.0,9999.0
66,1.32,9999.0,0.0,1.32,2.86
67,5.300000000000001,9999.0,8.6,2.29,10.170000000000002
68,8.850000000000001,0.0,1.32,9.2,8.2
69,9999.0,9999.0,9999.0,0.0,9999.0
70,8.44,4.449999999999999,3.29,6.829999999999999,1.9
71,9999.0,5.93,3.29,0.0,19.97
72,6.829999999999999,5.93,4.449999999999999,12.019999999999998,0.0
73,3.3099999999999996,5.93,12.019999999999998,6.829999999999999,9999.0
74,6.640000000000001,15.04,5.24,22.5,10.889999999999999
75,8.81,4.67,3.01,9999.0,3.55
76,1.45,6.380000000000001,5.62,5.62,5.81
77,6.380000000000001,6.380000000000001,3.5199999999999996,1.45,5.81
78,3.89,5.81,5.62,3.5199999999999996,1.45
79,3.5199999999999996,5.62,1.45,6.380000000000001,5.81
80,3.5199999999999996,3.5199999999999996,6.380000000000001,3.89,5.81
81,5.81,6.380000000000001,3.89,3.5199999999999996,1.45
82,6.380000000000001,1.45,3.5199999999999996,5.81,3.5199999999999996
83,3.5199999999999996,6.380000000000001,3.89,5.62,6.380000000000001
84,9.2,8.760000000000002,9.62,9999.0,0.0
85,0.0,9999.0,5.24,8.2,8.6
86,2.29,5.24,9999.0,0.0,1.32
87,13.87,8.6,9.2,8.6,9999.0
88,5.300000000000001,0.0,8.6,9.2,8.2
89,9.2,9999.0,8.6,9999.0,2.41
90,12.549999999999999,9.2,0.0,2.86,12.549999999999999
91,2.29,7.300000000000001,7.47,5.84,7.21
92,5.84,4.21,7.33,2.29,12.330000000000002
93,8.29,9.05,15.360000000000001,9999.0,3.96
94,6.83,6.83,16.919999999999998,6.04,4.46
95,9.36,8.030000000000001,8.81,2.23,5.9
96,15.729999999999999,12.12,9999.0,7.52,9.75
97,15.729999999999999,15.729999999999999,10.79,12.12,9999.0
98,10.170000000000002,9.62,8.6,2.86,9999.0
99,8.6,2.41,0.0,9999.0,13.299999999999999
100,9999.0,8.2,8.760000000000002,2.41,9.2
101,8.850000000000001,5.300000000000001,2.16,0.0,1.32
102,2.16,13.87,4.69,9999.0,9999.0
103,8.850000000000001,8.2,2.16,2.16,9.2
104,2.86,8.760000000000002,8.850000000000001,9999.0,2.16
105,13.87,12.549999999999999,4.69,4.69,10.170000000000002
106,9.2,4.69,9999.0,9.62,9999.0
107,2.16,8.2,8.760000000000002,10.170000000000002,10.27
108,9999.0,10.27,12.070000000000002,13.299999999999999,10.27
109,9.62,2.16,8.2,4.69,13.299999999999999
110,8.6,2.16,2.16,13.299999999999999,10.27
111,2.07,9999.0,8.2,2.29,5.17
112,2.07,3.27,2.07,2.29,5.1000000000000005
113,5.1,5.1000000000000005,9999.0,0.0,3.27
114,2.07,3.27,9999.0,2.07,5.17
115,6.11,8.2,5.1000000000000005,0.0,5.17
116,3.27,0.0,2.29,3.27,8.36
117,5.17,8.209999999999999,2.29,2.29,2.07
118,2.29,5.1,4.48,9999.0,8.209999999999999
119,3.75,3.0599999999999996,3.12,1.67,0.0
120,3.75,3.0599999999999996,1.67,1.67,0.0
121,3.75,3.0599999999999996,3.12,3.0599999999999996,0.0
122,3.75,3.0599999999999996,3.12,1.67,0.0
123,6.59,2.48,2.99,3.6100000000000003,3.6100000000000003
124,2.94,3.5599999999999996,6.09,3.6100000000000003,6.59
125,2.94,2.99,1.75,3.6100000000000003,2.94
126,0.0,3.0599999999999996,3.12,1.67,0.0
127,3.75,3.0599999999999996,3.12,0.0,0.0
128,3.75,3.0599999999999996,3.12,1.67,0.0
129,3.75,3.0599999999999996,3.12,0.0,0.0
130,4.44,9999.0,0.0,4.44,8.81
131,0.0,0.0,9999.0,3.77,1.73
132,0.0,1.73,3.77,9999.0,18.52
133,0.0,11.59,11.59,2.09,1.32
134,0.0,2.23,2.09,4.09,11.59
135,6.98,9999.0,10.11,9999.0,9999.0
136,7.15,9999.0,10.11,9999.0,6.98
137,2.48,3.6100000000000003,6.09,3.6100000000000003,2.94
138,3.6100000000000003,2.48,3.5599999999999996,6.59,3.6100000000000003
139,6.09,3.6100000000000003,2.94,3.5599999999999996,1.75
140,4.3,3.86,5.739999999999999,2.19,4.3
141,5.739999999999999,4.3,2.13,3.86,2.13
142,2.13,2.13,5.739999999999999,0.99,3.06
143,9999.0,10.11,9999.0,7.15,5.8
144,5.99,9.05,7.33,10.260000000000002,1.5
145,10.260000000000002,5.99,7.21,10.82,3.96
146,9999.0,14.45,8.29,11.690000000000001,12.330000000000002
147,3.6100000000000003,12.23,10.260000000000002,9999.0,10.82
148,2.07,5.1,9999.0,8.209999999999999,9999.0
149,1.32,3.6100000000000003,0.0,1.32,2.09
150,1.32,6.33,11.59,4.03,4.09
151,11.299999999999999,11.299999999999999,16.43,9999.0,9999.0
152,16.43,6.369999999999999,9999.0,7.76,16.43
153,0.0,7.76,10.139999999999999,6.369999999999999,16.43
154,7.76,0.0,16.43,11.299999999999999,6.369999999999999
155,0.0,9999.0,11.299999999999999,9999.0,16.43
156,6.369999999999999,9999.0,11.299999999999999,11.299999999999999,10.139999999999999
157,10.139999999999999,6.369999999999999,9999.0,9999.0,11.299999999999999
158,11.299999999999999,16.43,11.299999999999999,6.369999999999999,0.0
159,8.030000000000001,4.67,5.05,8.81,8.53
160,3.51,7.74,8.030000000000001,9.36,3.55
161,14.48,13.190000000000001,10.82,12.330000000000002,12.23
162,9999.0,18.52,3.77,1.73,0.0
163,18.52,0.0,9999.0,18.52,10.34
164,9999.0,8.030000000000001,9.36,8.55,4.67
165,11.84,9999.0,3.51,6.33,9.36
166,6.83,5.4,5.029999999999999,14.44,5.24
167,9999.0,7.15,6.98,7.9399999999999995,6.98
168,10.11,9999.0,7.15,7.15,9999.0
169,10.11,7.15,9999.0,9999.0,5.8
170,9999.0,6.98,10.11,9999.0,9999.0
171,4.03,2.09,3.6100000000000003,3.6100000000000003,0.0
172,2.09,0.0,4.03,2.09,4.09
173,9999.0,9999.0,9999.0,9999.0,9999.0
174,6.1,5.1899999999999995,8.2,1.75,8.509999999999998
175,9999.0,9999.0,9999.0,9999.0,9999.0
176,4.54,8.139999999999999,5.67,0.0,3.3099999999999996
177,6.83,5.4,14.44,3.7800000000000002,5.24
178,9999.0,4.260000000000001,4.709999999999999,5.57,2.8099999999999996
179,8.36,8.2,4.48,5.17,2.29
180,8.2,8.36,3.27,2.29,9999.0
181,6.11,0.0,6.11,5.1000000000000005,9999.0
182,8.36,9999.0,4.48,6.11,3.27
183,4.21,15.360000000000001,7.33,0.0,9999.0
184,9.16,9999.0,5.99,7.300000000000001,12.330000000000002
185,3.2899999999999996,1.6600000000000001,10.780000000000001,19.22,7.52
186,6.49,10.79,2.88,2.13,17.0
187,3.88,2.15,8.57,6.04,19.39
188,6.05,16.29,16.29,6.07,11.96
189,11.96,6.07,6.07,16.29,6.05
190,6.05,8.53,6.07,16.29,19.32
191,6.07,8.53,6.07,19.32,11.96
192,15.05,3.0700000000000003,4.970000000000001,4.970000000000001,4.7
193,4.7,4.98,15.05,4.970000000000001,3.0700000000000003
194,8.040000000000001,3.9399999999999995,8.629999999999999,4.44,3.67
195,3.9399999999999995,4.44,3.67,10.27,4.44
196,10.27,3.9399999999999995,3.67,8.040000000000001,8.040000000000001
197,4.44,8.040000000000001,3.9399999999999995,8.040000000000001,10.27
198,4.03,6.11,7.57,6.11,11.74
199,11.74,7.56,6.11,6.11,10.6
200,6.11,6.11,11.74,6.85,4.03
201,6.11,6.11,7.57,10.6,6.85
202,4.89,8.7,3.51,5.87,7.039999999999999
203,4.13,6.56,2.5500000000000003,3.46,10.729999999999999
204,6.56,15.549999999999999,3.51,5.74,17.279999999999998
205,14.44,3.7800000000000002,5.029999999999999,4.93,3.97
206,5.24,5.029999999999999,4.93,5.029999999999999,6.83
207,9.05,3.6100000000000003,3.6100000000000003,8.29,13.190000000000001
208,15.360000000000001,11.690000000000001,5.99,2.11,7.47
209,9999.0,12.93,8.1,0.0,8.62
210,9.659999999999998,0.0,1.9,3.3099999999999996,4.54
211,8.139999999999999,5.67,0.0,1.9,9.659999999999998
212,3.0700000000000003,4.98,4.970000000000001,3.24,4.7
213,18.52,9999.0,10.34,10.34,3.77
214,5.66,0.0,5.9399999999999995,4.48,5.93
215,5.9399999999999995,5.9399999999999995,4.48,5.66,0.0
216,5.66,10.89,5.93,5.9399999999999995,5.66
217,15.0,7.24,4.69,3.37,9999.0
218,6.32,10.340000000000002,3.37,8.67,9999.0
219,4.48,4.48,0.0,6.9399999999999995,10.89
220,4.48,4.48,5.66,10.89,5.9399999999999995
221,7.57,7.56,4.03,11.74,10.6
222,9999.0,7.07,2.86,7.07,4.260000000000001
223,6.9399999999999995,5.93,0.0,6.9399999999999995,5.9399999999999995
224,3.6100000000000003,3.5599999999999996,2.48,2.94,3.6100000000000003
225,6.59,2.48,2.94,6.59,3.5599999999999996
226,9999.0,3.77,10.34,0.0,18.52
227,8.88,0.0,8.92,6.99,4.47
228,9.459999999999999,8.92,3.76,4.47,3.76
229,8.88,5.71,0.0,3.76,8.92
230,8.92,6.38,5.71,9999.0,6.99
231,3.76,9999.0,3.76,0.0,8.92
232,6.38,3.76,0.0,3.76,5.71
233,0.0,13.809999999999999,5.71,8.88,13.809999999999999
234,9999.0,6.38,0.0,3.76,5.71
235,7.57,4.03,10.6,10.6,11.74
236,3.6100000000000003,3.5599999999999996,2.99,2.99,2.94
237,2.94,2.99,6.09,3.6100000000000003,1.75
238,7.24,3.37,7.24,8.930000000000001,8.67
239,7.24,15.0,4.69,8.930000000000001,10.340000000000002
240,8.67,9.360000000000001,3.37,6.32,4.69
241,3.76,3.76,9.459999999999999,13.809999999999999,9999.0
242,13.809999999999999,8.92,9999.0,3.76,6.99
243,10.79,12.12,9.059999999999999,9999.0,10.79
244,10.79,10.79,15.729999999999999,12.12,9.75
245,8.92,6.38,3.76,3.33,3.76
246,6.38,8.92,8.88,3.76,9999.0
247,3.76,13.809999999999999,7.92,5.71,6.38
248,11.96,11.96,8.53,16.29,6.05
249,8.53,16.29,6.07,8.53,19.32
250,7.76,7.76,6.47,3.44,0.0
251,2.36,7.76,7.76,2.41,0.0
252,2.41,2.36,2.41,3.44,0.0
253,5.300000000000001,7.359999999999999,5.739999999999999,9999.0,7.07
254,5.300000000000001,7.07,9999.0,5.739999999999999,4.6
255,3.33,9999.0,9.459999999999999,3.33,7.92
256,5.71,13.809999999999999,3.33,0.0,13.809999999999999
257,7.76,6.47,2.41,0.0,2.36
258,7.76,2.41,6.47,2.89,2.89
259,2.36,7.76,2.41,2.89,0.0
260,6.47,2.41,6.47,2.36,7.76
261,2.36,3.44,6.47,2.36,7.76
262,3.44,6.47,2.89,0.0,7.76
263,2.89,2.89,6.47,7.76,0.0
264,7.76,2.41,2.36,0.0,3.44
265,2.89,2.41,6.47,0.0,2.36
266,2.36,2.89,7.76,2.89,6.47
267,2.89,7.76,2.36,0.0,2.36
268,5.1899999999999995,4.67,2.23,11.84,0.0
269,3.55,5.1899999999999995,7.74,4.67,3.51
270,8.55,7.74,9.36,5.05,9999.0
271,8.55,2.23,8.81,3.01,9999.0
272,9999.0,5.05,8.55,8.55,9.36
273,9.36,3.51,8.53,3.51,5.05
274,7.9399999999999995,9999.0,9999.0,9999.0,9999.0
275,10.11,9999.0,7.529999999999999,12.04,9999.0
276,5.8,9999.0,9999.0,6.98,7.15
277,12.04,12.04,5.8,10.11,9999.0
278,5.9,6.33,3.55,3.51,3.01
279,5.9,9.36,3.51,9999.0,8.81
280,7.74,8.030000000000001,7.74,9.36,5.05
281,8.53,0.0,8.55,5.9,9999.0
282,3.55,8.53,5.84,5.05,2.23
283,3.01,9999.0,8.81,5.05,5.9
284,5.84,5.9,8.81,5.1899999999999995,0.0
285,0.0,4.67,3.01,3.51,8.55
286,8.67,10.340000000000002,8.67,9.360000000000001,2.71
287,4.69,8.67,8.930000000000001,2.71,3.37
288,2.71,6.32,7.24,9.360000000000001,8.67
289,2.71,7.24,9999.0,9999.0,4.69
290,4.88,1.91,2.18,9.67,2.18
291,1.3,4.39,4.88,2.18,4.05
292,4.47,9999.0,4.88,2.42,2.9699999999999998
293,7.07,6.67,9.77,7.07,4.6
294,4.6,7.359999999999999,7.949999999999999,9.08,9999.0
295,9999.0,7.07,9999.0,7.949999999999999,6.67
296,28.28,20.61,20.61,13.559999999999999,11.829999999999998
297,17.9,6.65,20.61,13.559999999999999,11.59
298,9999.0,10.340000000000002,7.24,8.930000000000001,2.71
299,8.67,6.32,8.930000000000001,9.360000000000001,2.71
300,8.56,4.03,4.09,0.0,4.09
301,6.33,0.0,4.03,4.09,8.56
302,16.36,14.01,17.97,15.13,21.23
303,16.36,18.7,18.59,29.259999999999998,15.930000000000001
304,8.67,15.0,4.69,15.0,8.930000000000001
305,4.69,10.340000000000002,6.32,8.67,7.24
306,3.6100000000000003,4.09,2.09,1.32,2.23
307,3.6100000000000003,4.03,2.23,2.09,2.23
308,3.6100000000000003,3.5599999999999996,2.48,6.09,2.94
309,2.48,3.5599999999999996,6.09,2.94,3.6100000000000003
310,9999.0,4.029999999999999,4.260000000000001,2.86,6.14
311,0.0,2.71,8.62,9.79,14.55
312,2.71,7.359999999999999,16.16,11.059999999999999,9999.0
313,2.41,9.2,5.300000000000001,2.16,13.87
314,2.16,1.32,5.300000000000001,9999.0,8.760000000000002
315,9999.0,1.5,11.52,2.71,8.1
316,9999.0,8.6,2.86,10.170000000000002,9999.0
317,0.0,12.549999999999999,8.850000000000001,9999.0,9999.0
318,13.299999999999999,1.32,8.850000000000001,2.29,5.24
319,8.760000000000002,9999.0,2.86,9999.0,10.27
320,9999.0,9999.0,12.070000000000002,9999.0,10.27
321,9999.0,8.850000000000001,13.87,5.300000000000001,9.2
322,9999.0,5.300000000000001,2.29,1.32,9999.0
323,9999.0,9.2,10.27,12.549999999999999,5.300000000000001
324,9999.0,2.41,2.16,13.299999999999999,0.0
325,1.32,1.32,8.2,13.299999999999999,5.300000000000001
326,4.47,1.3,1.91,9.07,2.42
327,9.67,4.39,1.3,4.47,2.42
328,9999.0,4.39,2.18,4.47,3.32
329,8.67,5.5,3.29,9.58,8.299999999999999
330,15.360000000000001,5.84,9.05,7.21,2.29
331,11.55,9999.0,15.360000000000001,0.0,1.5
332,8.29,10.260000000000002,7.300000000000001,12.23,9.05
333,11.52,0.0,3.61,3.34,2.96
334,3.34,3.34,3.61,2.86,13.129999999999999
335,2.86,2.86,6.85,16.16,9.79
336,3.61,3.34,14.55,3.61,11.52
337,7.52,9999.0,9.059999999999999,15.729999999999999,7.52
338,7.52,15.729999999999999,7.52,9.75,9999.0
339,12.12,9999.0,7.52,7.52,15.729999999999999
340,5.84,9999.0,9999.0,5.99,12.23
341,2.11,11.55,11.690000000000001,12.330000000000002,7.21
342,5.84,9.05,8.29,3.6100000000000003,11.690000000000001
343,1.5,3.96,2.29,9999.0,5.84
344,12.330000000000002,5.84,7.33,12.330000000000002,7.21
345,12.23,2.29,11.690000000000001,2.29,10.82
346,9.16,9.05,15.360000000000001,12.330000000000002,9999.0
347,2.16,9999.0,3.75,9999.0,9.43
348,2.16,0.0,9999.0,9999.0,9.43
349,2.16,0.0,3.75,9999.0,9.43
350,9.43,0.0,3.75,9999.0,9.43
351,2.16,0.0,3.75,9999.0,9.43
352,2.16,3.75,3.75,9999.0,9.43
353,2.16,0.0,3.75,3.75,9.43
354,2.16,0.0,3.75,3.75,9.43
355,9.77,9999.0,5.300000000000001,7.949999999999999,9.7
356,9.7,9999.0,7.949999999999999,9999.0,6.33
357,11.52,2.86,2.96,8.1,16.16
358,3.96,5.84,11.55,12.330000000000002,7.47
359,9999.0,12.330000000000002,5.99,9999.0,3.6100000000000003
360,12.330000000000002,0.0,12.330000000000002,1.5,11.55
361,1.91,9999.0,2.9699999999999998,9999.0,9.67
362,4.05,2.42,2.7800000000000002,4.39,9999.0
363,3.0300000000000002,3.13,6.89,6.89,2.6799999999999997
364,4.99,5.58,17.54,1.38,9999.0
365,8.059999999999999,8.059999999999999,6.83,14.44,3.7800000000000002
366,3.97,8.1,0.0,4.93,5.029999999999999
367,5.24,8.1,3.7800000000000002,8.1,4.93
368,8.1,3.97,5.4,14.44,3.7800000000000002
369,8.1,8.1,5.029999999999999,14.44,5.4
370,5.029999999999999,6.83,8.1,8.1,0.0
371,2.6,5.89,4.21,1.18,4.21
372,8.629999999999999,8.040000000000001,4.44,10.27,10.27
373,2.9699999999999998,9999.0,9999.0,2.18,9.07
374,11.96,9.36,9.36,3.29,5.67
375,4.54,5.67,6.829999999999999,9.659999999999998,9999.0
376,7.66,4.95,5.74,5.0600000000000005,8.81
377,7.66,5.74,5.74,5.0600000000000005,8.81
378,7.66,4.95,5.0600000000000005,5.0600000000000005,8.81
379,7.66,4.95,8.81,5.0600000000000005,8.81
380,7.66,4.95,5.74,5.0600000000000005,8.81
381,7.66,5.74,5.74,5.0600000000000005,8.81
382,7.66,4.95,5.74,5.0600000000000005,8.81
383,7.66,4.95,5.74,5.0600000000000005,8.81
384,5.74,4.95,5.74,5.0600000000000005,8.81
385,2.8099999999999996,1.41,5.18,5.18,3.3099999999999996
386,17.27,6.709999999999999,9999.0,2.11,3.46
387,2.61,1.79,2.22,17.27,3.46
388,1.79,5.64,6.709999999999999,3.46,5.64
389,2.11,6.709999999999999,1.79,2.11,2.61
390,3.46,2.22,1.79,9999.0,2.11
391,2.11,17.27,2.22,1.79,6.709999999999999
392,5.64,2.11,6.709999999999999,9999.0,1.79
393,2.61,2.22,2.22,5.64,9999.0
394,5.64,2.22,9999.0,17.27,2.61
395,6.709999999999999,17.27,2.11,5.64,2.22
396,2.22,1.39,1.79,9999.0,9999.0
397,2.11,5.64,2.11,1.39,2.61
398,5.64,2.11,9999.0,6.709999999999999,1.79
399,9999.0,2.11,1.79,2.61,1.39
400,5.4,8.059999999999999,4.93,6.83,3.97
401,0.0,5.4,14.44,4.93,6.83
402,6.83,4.93,14.44,5.24,5.4
403,2.8099999999999996,1.41,3.9699999999999998,5.18,3.3099999999999996
404,2.8099999999999996,1.41,3.9699999999999998,1.41,3.3099999999999996
405,7.76,3.44,2.89,2.41,3.44
406,1.67,0.5,1.42,1.63,1.14
407,1.67,0.5,1.14,0.88,2.1
408,1.63,1.67,1.67,2.15,2.1
409,0.88,1.67,1.63,0.5,1.67
410,1.67,1.63,1.14,0.88,1.67
411,1.67,1.42,0.88,1.14,1.67
412,12.34,19.85,21.26,28.679999999999996,14.11
413,1.67,2.15,0.88,0.88,0.5
414,0.88,1.42,2.1,0.5,1.42
415,3.7800000000000002,14.44,5.24,8.059999999999999,8.1
416,17.72,11.08,17.57,12.34,18.729999999999997
417,12.4,9.66,11.43,14.569999999999999,16.21
418,1.63,1.14,1.63,2.15,2.1
419,2.15,1.42,1.14,0.88,1.67
420,1.42,2.1,1.67,0.5,0.88
421,9.709999999999999,6.85,9.709999999999999,19.8,22.830000000000002
422,3.03,9999.0,9999.0,3.03,2.55
423,6.56,4.44,9999.0,2.07,9999.0
424,9999.0,4.44,0.0,0.0,3.03
425,2.8099999999999996,1.41,3.9699999999999998,5.18,3.3099999999999996
426,2.8099999999999996,1.41,3.9699999999999998,3.9699999999999998,3.3099999999999996
427,22.830000000000002,6.85,9.709999999999999,19.8,22.830000000000002
428,4.54,9999.0,0.0,6.829999999999999,5.17
429,0.0,9999.0,9999.0,9999.0,9.36
430,9.36,9999.0,6.829999999999999,5.93,6.829999999999999
431,9999.0,6.56,2.55,8.81,3.03
432,6.709999999999999,9999.0,9999.0,2.61,17.27
433,2.61,9999.0,6.709999999999999,1.39,3.46
434,4.54,11.96,12.019999999999998,3.29,9999.0
435,5.67,6.829999999999999,6.829999999999999,0.0,11.96
436,0.0,9.659999999999998,19.97,1.9,5.17
437,2.16,0.0,3.75,2.16,9.43
438,2.16,0.0,2.16,9999.0,9.43
439,9999.0,9999.0,2.07,3.03,1.99
440,6.56,8.81,2.55,9999.0,2.07
441,2.5700000000000003,3.46,1.53,0.8,2.84
442,1.59,0.0,2.1799999999999997,2.8,5.209999999999999
443,1.59,5.209999999999999,2.1799999999999997,2.8,5.209999999999999
444,1.59,0.0,2.8,2.8,5.209999999999999
445,1.59,0.0,2.1799999999999997,2.1799999999999997,5.209999999999999
446,0.0,0.0,2.1799999999999997,2.8,5.209999999999999
447,1.59,1.59,2.1799999999999997,2.8,5.209999999999999
448,1.59,0.0,2.1799999999999997,2.8,5.209999999999999
449,1.73,9999.0,1.73,10.34,0.0
450,0.0,1.73,10.34,18.52,9999.0
451,3.77,0.0,1.73,1.73,9999.0
452,0.0,13.809999999999999,8.88,6.38,0.0
453,4.47,8.92,9999.0,0.0,6.99
454,3.33,6.99,3.76,9999.0,9.459999999999999
455,7.92,3.33,0.0,0.0,5.71
456,0.0,13.809999999999999,6.38,3.76,9.459999999999999
457,3.76,0.0,9999.0,9.459999999999999,4.47
458,2.15,2.1,1.42,2.15,1.67
459,0.5,1.63,2.1,1.67,0.88
460,2.15,0.5,1.63,2.1,1.14
461,0.8,2.84,3.1,9999.0,2.84
462,5.2,2.34,2.21,2.84,1.53
463,10.139999999999999,0.0,6.369999999999999,9999.0,10.139999999999999
464,10.139999999999999,0.0,10.139999999999999,9999.0,16.43
465,2.21,2.34,2.5700000000000003,3.1,0.62
466,3.1,3.1,8.7,5.2,1.53
467,3.6900000000000004,0.8,3.1,1.9300000000000002,0.62
468,8.299999999999999,1.73,3.29,11.259999999999998,8.67
469,9999.0,9999.0,9999.0,9999.0,9999.0
470,2.6,5.89,2.6,1.18,4.21
471,0.0,5.89,0.0,1.18,4.21
472,2.6,5.89,0.0,1.18,4.21
473,2.6,5.89,0.0,1.18,4.21
474,2.6,5.89,4.21,1.18,4.21
475,2.6,5.89,2.6,1.18,4.21
476,0.99,9.29,3.06,5.739999999999999,5.199999999999999
477,2.17,2.17,4.3,3.86,5.199999999999999
478,4.37,9999.0,5.12,0.0,8.34
479,11.79,3.04,3.04,2.09,8.34
480,2.09,0.0,3.46,3.04,4.37
481,9999.0,2.09,3.04,1.66,11.28
482,6.27,9.18,2.08,2.08,8.34
483,2.09,6.27,3.46,6.27,9.18
484,3.0700000000000003,9.05,0.0,0.0,8.19
485,4.16,9.05,4.16,0.0,8.19
486,3.0700000000000003,9.05,4.16,8.19,8.19
487,9999.0,9999.0,9999.0,9999.0,9999.0
488,9.62,8.760000000000002,9999.0,2.16,9999.0
489,0.0,8.2,5.300000000000001,9999.0,2.29
490,10.27,10.170000000000002,5.300000000000001,9999.0,12.549999999999999
491,5.300000000000001,2.16,8.6,10.27,9.62
492,1.32,10.27,2.41,2.16,5.24
493,2.16,9.62,12.070000000000002,9999.0,9999.0
494,9999.0,9999.0,9999.0,2.16,13.87
495,9999.0,8.2,2.16,2.41,9999.0
496,2.86,1.32,9999.0,8.850000000000001,0.0
497,12.549999999999999,0.0,0.0,13.299999999999999,9999.0
498,12.91,7.91,15.94,14.72,4.85
499,10.84,6.17,15.94,6.17,14.72
500,2.08,4.24,6.27,11.79,3.04
501,3.0700000000000003,9.05,4.16,0.0,8.19
502,19.97,8.139999999999999,8.139999999999999,5.67,4.54
503,8.139999999999999,4.54,12.019999999999998,3.29,6.829999999999999
504,1.9,19.97,9999.0,5.93,9.659999999999998
505,8.299999999999999,4.37,2.09,8.34,5.12
506,15.98,17.409999999999997,3.8,8.03,19.59
507,5.199999999999999,3.86,5.739999999999999,3.54,0.99
508,3.06,0.99,3.54,2.13,5.739999999999999
509,2.17,0.99,2.19,5.739999999999999,5.199999999999999
510,5.739999999999999,2.13,3.06,5.739999999999999,3.54
511,5.739999999999999,2.19,4.3,9.29,3.54
512,3.46,3.04,8.299999999999999,8.299999999999999,9999.0
513,12.070000000000002,2.41,9999.0,8.850000000000001,10.170000000000002
514,5.300000000000001,9999.0,10.27,1.32,13.299999999999999
515,9.2,1.32,9999.0,2.16,13.299999999999999
516,9999.0,5.300000000000001,9999.0,5.300000000000001,0.0
517,13.87,2.29,8.6,1.32,5.24
518,1.32,8.6,13.87,9999.0,2.86
519,10.170000000000002,1.32,9999.0,12.070000000000002,9.2
520,13.299999999999999,0.0,9999.0,8.760000000000002,10.170000000000002
521,6.14,9999.0,5.57,9999.0,4.029999999999999
522,7.07,5.89,5.57,19.03,4.260000000000001
523,4.029999999999999,4.029999999999999,5.57,4.709999999999999,9999.0
524,19.03,5.51,6.14,5.51,2.8099999999999996
525,9999.0,2.86,5.51,5.57,7.07
526,2.8099999999999996,4.029999999999999,2.86,5.57,5.89
527,13.87,0.0,2.16,12.549999999999999,9999.0
528,13.299999999999999,10.170000000000002,2.41,10.27,9999.0
529,12.549999999999999,8.2,2.41,2.86,4.69
530,5.93,7.02,1.77,6.79,4.83
531,6.33,5.84,9999.0,5.1899999999999995,5.84
532,8.030000000000001,2.23,5.1899999999999995,8.81,11.84
533,5.1899999999999995,0.0,3.51,5.84,8.55
534,9.36,5.9,7.74,8.030000000000001,6.33
535,0.0,9.36,3.55,9999.0,5.9
536,9.18,3.46,4.24,11.28,2.09
537,3.46,11.79,8.299999999999999,2.09,4.37
538,8.299999999999999,11.28,9999.0,3.46,2.08
539,8.299999999999999,8.34,2.08,3.46,5.12
540,6.27,2.08,3.46,3.04,1.66
541,3.46,11.79,9999.0,0.0,2.09
542,14.64,9.37,8.14,9.7,2.47
543,11.96,5.17,1.9,6.829999999999999,4.54
544,8.139999999999999,19.97,9.659999999999998,6.829999999999999,3.3099999999999996
545,1.9,8.44,9.659999999999998,9999.0,8.139999999999999
546,6.13,2.5700000000000003,1.9300000000000002,0.8,3.1
547,3.1,2.21,3.1,5.2,2.5700000000000003
548,3.1,0.62,6.13,3.1,5.2
549,1.53,5.2,2.5700000000000003,3.1,2.84
550,1.9300000000000002,2.34,3.1,1.53,3.6900000000000004
551,3.1,6.13,2.84,8.7,1.9300000000000002
552,3.89,1.45,3.89,6.380000000000001,5.62
553,5.62,6.380000000000001,3.5199999999999996,1.45,3.89
554,0.0,5.1000000000000005,2.29,2.07,3.27
555,8.36,5.1,4.48,2.07,2.29
556,10.170000000000002,8.2,2.16,1.32,1.32
557,9999.0,4.69,10.27,10.170000000000002,2.41
558,10.139999999999999,10.139999999999999,9999.0,7.76,0.0
559,3.86,5.739999999999999,5.199999999999999,2.19,3.86
560,5.199999999999999,2.19,4.3,2.17,3.54
561,5.199999999999999,5.199999999999999,9.29,2.17,0.99
562,12.070000000000002,9999.0,10.27,8.2,5.24
563,0.0,8.2,8.36,2.07,4.48
564,4.48,8.2,6.11,8.209999999999999,3.27
565,2.07,3.27,2.07,4.48,8.36
566,0.0,8.2,6.11,8.36,8.209999999999999
567,9999.0,7.9399999999999995,9999.0,6.98,12.04
568,9999.0,9999.0,7.9399999999999995,9999.0,9999.0
569,8.36,9999.0,5.17,5.1,8.2
570,6.11,3.27,5.1000000000000005,2.29,5.17
571,5.93,0.0,10.89,0.0,6.9399999999999995
572,9.200000000000001,16.92,6.5200000000000005,16.009999999999998,22.71
573,5.1,4.48,8.36,8.209999999999999,8.2
574,2.07,9999.0,5.1,3.27,3.27
575,9999.0,3.27,5.17,4.48,8.209999999999999
576,4.44,3.9399999999999995,8.629999999999999,3.67,8.040000000000001
577,6.17,3.91,6.84,7.9399999999999995,5.43
578,3.0700000000000003,9.05,4.16,9.05,8.19
579,2.55,0.0,9999.0,9999.0,4.44
580,1.99,0.0,2.07,0.0,9999.0
581,9999.0,9999.0,9999.0,9999.0,9999.0
582,9.2,2.86,9999.0,9999.0,5.300000000000001
583,1.32,8.760000000000002,10.27,9.62,8.2
584,2.16,9.62,9.62,4.69,10.27
585,1.39,5.64,2.22,9999.0,6.709999999999999
586,9999.0,1.39,1.79,9999.0,9999.0
587,10.79,9999.0,9.75,7.52,9.75
588,12.139999999999999,6.44,11.64,4.94,5.45
589,42.65,16.81,7.04,13.71,0.0
590,14.57,9.7,11.64,11.010000000000002,6.44
591,7.74,5.84,5.9,4.67,6.33
592,8.53,5.9,3.01,11.84,7.74
593,2.11,2.22,2.22,6.709999999999999,9999.0
594,5.64,2.61,3.46,2.22,9999.0
595,3.6100000000000003,9999.0,3.6100000000000003,11.690000000000001,7.300000000000001
596,9999.0,9999.0,12.23,9999.0,10.82
597,2.29,9.16,12.23,2.29,1.5
598,8.29,2.29,7.64,2.11,5.84
599,7.64,3.6100000000000003,13.190000000000001,9999.0,7.300000000000001
600,9999.0,9999.0,9999.0,9999.0,9999.0
601,4.69,2.41,9999.0,10.170000000000002,9999.0
602,9.62,10.27,8.760000000000002,1.32,8.6
603,7.59,6.4399999999999995,10.82,18.01,17.27
604,10.82,13.88,10.870000000000001,12.530000000000001,5.24
605,4.21,12.23,2.11,9999.0,8.29
606,10.82,0.0,7.300000000000001,4.21,15.360000000000001
607,9.05,9.16,4.21,7.21,12.330000000000002
608,3.06,5.739999999999999,9.29,4.3,2.19
609,4.3,5.199999999999999,9.29,5.739999999999999,5.739999999999999
610,2.19,3.06,9.29,3.86,3.06
611,3.06,5.739999999999999,2.13,2.19,2.19
612,2.17,3.86,5.199999999999999,0.99,2.17
613,3.06,3.06,5.199999999999999,9.29,2.13
614,9.29,5.739999999999999,2.17,3.86,5.199999999999999
615,2.13,5.199999999999999,5.739999999999999,3.06,4.3
616,3.86,0.99,3.06,5.739999999999999,4.3
617,6.83,4.93,5.4,14.44,5.24
618,5.029999999999999,3.7800000000000002,6.83,8.1,14.44
619,9999.0,9999.0,9.75,12.12,9.059999999999999
620,9999.0,1.39,9999.0,17.27,3.46
621,6.85,7.56,7.57,6.85,6.11
622,6.11,6.85,4.03,7.56,7.56
623,9999.0,2.29,9999.0,4.48,0.0
624,3.27,6.11,4.48,8.209999999999999,5.17
625,5.1000000000000005,5.1,2.29,9999.0,6.11
626,9999.0,0.0,5.1000000000000005,8.2,3.27
627,4.4,2.5999999999999996,7.180000000000001,4.4,0.0
628,4.4,2.5999999999999996,7.180000000000001,4.4,0.0
629,2.15,3.3,10.98,2.28,8.57
630,4.7,4.98,4.970000000000001,4.7,3.0700000000000003
631,15.05,4.7,7.1,4.970000000000001,4.7
632,3.24,4.7,4.970000000000001,15.05,4.7
633,7.279999999999999,1.41,2.82,3.5999999999999996,20.21
634,2.82,3.5999999999999996,3.9699999999999998,17.089999999999996,4.54
635,2.82,1.62,10.669999999999998,13.619999999999997,17.479999999999997
636,1.25,4.7299999999999995,19.83,2.82,4.7299999999999995
637,2.8,3.5999999999999996,19.32,2.82,7.279999999999999
638,0.0,9999.0,2.96,14.55,9.86
639,7.359999999999999,2.86,8.1,0.0,11.52
640,8.1,16.16,7.359999999999999,3.61,14.55
641,0.0,6.85,2.71,16.16,12.93
642,3.61,8.1,2.71,16.16,14.55
643,4.03,4.03,7.56,10.6,11.74
644,6.99,4.98,6.99,3.0700000000000003,3.24
645,5.9399999999999995,5.93,10.89,5.66,4.48
646,15.05,4.970000000000001,7.1,15.05,3.0700000000000003
647,11.74,10.6,6.85,7.57,4.03
648,4.03,7.56,7.57,4.03,6.11
649,5.5,1.73,8.299999999999999,1.73,3.29
650,8.67,9.58,8.299999999999999,8.67,1.73
651,8.67,8.299999999999999,1.73,5.5,3.29
652,3.29,11.259999999999998,9.58,8.299999999999999,8.67
653,9.58,8.299999999999999,5.5,8.67,11.259999999999998
654,13.129999999999999,2.96,3.34,6.85,9.79
655,2.86,16.16,14.55,2.86,2.96
656,9999.0,2.86,16.16,8.1,9.79
657,2.86,12.93,6.85,8.62,0.0
658,3.61,8.1,8.62,9999.0,16.16
659,3.7800000000000002,5.029999999999999,3.97,5.029999999999999,5.4
660,8.67,12.34,23.869999999999997,10.41,19.009999999999998
661,6.23,10.41,15.239999999999998,14.569999999999999,6.23
662,9999.0,9999.0,9999.0,9999.0,9999.0
663,4.709999999999999,4.709999999999999,5.57,5.51,2.86
664,4.48,5.66,5.93,0.0,6.9399999999999995
665,5.3,11.010000000000002,14.68,3.13,11.829999999999998
666,5.1000000000000005,3.51,8.66,6.56,3.65
667,9.16,8.29,7.300000000000001,15.360000000000001,4.21
668,10.260000000000002,0.0,11.690000000000001,1.5,15.360000000000001
669,4.93,3.97,6.83,5.4,5.029999999999999
670,4.48,5.66,5.66,6.9399999999999995,0.0
671,11.030000000000001,29.26,28.16,17.880000000000003,7.74
672,3.27,14.57,29.14,12.71,12.280000000000001
673,13.670000000000002,10.16,29.26,20.43,14.57
674,10.34,3.77,9999.0,3.77,1.73
675,16.16,9.86,8.1,2.96,0.0
676,2.71,7.359999999999999,9.79,9.86,9.79
677,9999.0,13.809999999999999,4.47,7.92,13.809999999999999
678,13.809999999999999,5.71,9.459999999999999,4.47,0.0
679,6.99,9999.0,3.33,8.88,5.71
680,13.809999999999999,8.88,4.47,9.459999999999999,0.0
681,3.33,13.809999999999999,8.92,8.88,5.71
682,13.129999999999999,1.5,11.059999999999999,9999.0,7.359999999999999
683,0.0,0.0,3.34,9.86,7.359999999999999
684,9999.0,9999.0,10.139999999999999,9999.0,0.0
685,0.0,9999.0,16.43,7.76,7.76
686,10.139999999999999,6.369999999999999,9999.0,11.299999999999999,16.43
687,6.369999999999999,9999.0,16.43,9999.0,7.76
688,0.0,16.43,0.0,10.139999999999999,11.299999999999999
689,9999.0,0.0,4.47,9999.0,13.809999999999999
690,9.459999999999999,9.459999999999999,4.47,8.92,5.71
691,9999.0,5.71,0.0,9999.0,13.809999999999999
692,9999.0,0.0,5.71,7.92,9999.0
693,9.459999999999999,7.92,9999.0,9999.0,5.71
694,0.0,7.92,3.76,9999.0,9.459999999999999
695,9999.0,0.0,4.47,6.99,7.92
696,2.5999999999999996,2.5999999999999996,7.180000000000001,4.4,0.0
697,3.5599999999999996,6.59,2.48,3.6100000000000003,3.6100000000000003
698,1.75,3.6100000000000003,3.5599999999999996,3.5599999999999996,2.99
699,6.14,7.07,2.86,5.89,5.51
700,4.260000000000001,6.14,5.89,9999.0,4.709999999999999
701,4.260000000000001,4.709999999999999,2.86,9999.0,6.14
702,9999.0,7.529999999999999,7.529999999999999,9999.0,12.04
703,4.6,9.7,6.33,9.7,9.08
704,4.260000000000001,9999.0,19.03,5.51,5.89
705,5.89,5.57,6.14,19.03,6.14
706,2.86,4.260000000000001,4.709999999999999,19.03,7.07
707,4.709999999999999,6.14,19.03,2.86,5.57
708,4.260000000000001,6.14,4.709999999999999,5.51,7.07
709,6.14,4.260000000000001,4.029999999999999,9999.0,9999.0
710,5.9,4.67,8.53,9.36,2.23
711,7.949999999999999,7.949999999999999,9999.0,9.7,9999.0
712,7.07,7.949999999999999,9.08,9.77,6.67
713,2.34,3.6900000000000004,5.2,0.62,3.6900000000000004
714,3.46,9999.0,0.62,0.8,2.34
715,3.6900000000000004,2.84,2.21,2.34,1.53
716,5.2,2.21,1.53,5.2,8.7
717,10.79,9.75,9.75,12.12,15.729999999999999
718,12.12,15.729999999999999,12.12,9999.0,9.059999999999999
719,6.829999999999999,6.829999999999999,4.54,8.44,6.829999999999999
720,2.36,3.44,2.89,3.44,2.41
721,8.53,11.96,6.05,6.07,6.05
722,19.32,19.32,16.29,6.05,8.53
723,16.29,8.53,11.96,19.32,6.07
724,11.02,6.4,12.31,9.5,13.88
725,2.08,11.79,8.34,2.09,2.09
726,3.04,4.37,11.28,2.09,0.0
727,3.04,11.28,6.27,4.37,0.0
728,5.739999999999999,6.33,7.07,6.33,9.77
729,1.75,1.75,6.59,6.09,3.6100000000000003
730,3.5599999999999996,3.6100000000000003,3.5599999999999996,2.94,3.6100000000000003
731,13.219999999999999,8.23,9.899999999999999,13.35,9.36
732,13.219999999999999,14.709999999999999,8.23,11.49,8.219999999999999
733,7.430000000000001,11.45,7.66,7.26,4.03
734,7.26,4.92,11.040000000000001,23.72,10.89
735,3.46,8.34,8.299999999999999,4.24,2.08
736,2.08,9999.0,4.24,8.34,8.299999999999999
737,2.71,2.71,6.32,7.24,8.67
738,9999.0,3.37,10.340000000000002,8.930000000000001,7.24
739,0.0,2.41,6.47,7.76,2.36
740,6.47,2.36,0.0,0.0,2.41
741,11.84,3.55,8.53,8.81,8.55
742,13.670000000000002,22.290000000000003,0.0,12.450000000000001,27.590000000000003
743,3.13,28.16,13.41,13.41,19.700000000000003
744,5.9399999999999995,5.66,6.9399999999999995,4.48,5.93
745,5.12,6.27,2.08,5.12,11.79
746,3.29,5.5,8.67,5.5,1.73
747,11.259999999999998,5.5,9.58,3.29,1.73
748,7.359999999999999,6.33,5.300000000000001,9.77,7.07
749,9999.0,9.77,7.359999999999999,6.33,9999.0
750,13.49,8.23,12.17,12.63,0.0
751,11.74,8.219999999999999,21.13,8.13,10.509999999999998
752,6.33,9.7,4.6,4.6,7.07
753,4.24,8.34,3.46,5.12,9999.0
754,11.79,8.299999999999999,2.09,4.24,9999.0
755,7.359999999999999,9.08,6.67,9.7,9.77
756,4.67,9999.0,5.05,5.05,3.55
757,9.9,13.26,12.17,12.26,4.47
758,11.940000000000001,7.8,14.709999999999999,12.17,11.74
759,7.78,24.7,19.220000000000002,21.849999999999998,14.030000000000001
760,12.39,11.259999999999998,17.42,39.230000000000004,11.59
761,39.230000000000004,17.42,15.58,12.17,10.559999999999999
762,9.059999999999999,12.12,9999.0,9.059999999999999,9.75
763,2.71,4.69,10.340000000000002,4.69,9999.0
764,9.360000000000001,4.69,4.69,8.67,10.340000000000002
765,6.32,8.67,7.24,10.340000000000002,15.0
766,8.930000000000001,15.0,7.24,10.340000000000002,8.67
767,3.37,15.0,9.360000000000001,15.0,8.930000000000001
768,7.24,8.67,15.0,15.0,2.71
769,3.37,6.32,10.340000000000002,6.32,8.67
770,7.24,2.71,6.32,6.32,9.360000000000001
771,8.930000000000001,6.32,3.37,6.32,4.69
772,4.69,10.340000000000002,8.930000000000001,15.0,8.67
773,8.930000000000001,2.71,6.32,9.360000000000001,10.340000000000002
774,7.52,12.12,7.52,9.059999999999999,10.79
775,10.79,7.52,12.12,7.52,9999.0
776,15.729999999999999,12.12,7.52,9999.0,7.52
777,12.12,9.75,7.52,15.729999999999999,10.79
778,12.12,7.52,9.059999999999999,7.52,9999.0
779,1.66,6.27,0.0,4.37,11.79
780,0.0,5.12,0.0,11.28,11.79
781,3.6100000000000003,2.09,2.23,0.0,4.09
782,4.03,2.09,2.23,8.56,3.6100000000000003
783,0.0,2.23,4.09,11.59,4.03
784,6.33,2.23,8.56,1.32,4.09
785,10.27,2.86,8.2,8.6,12.549999999999999
786,10.27,9999.0,4.69,10.27,9999.0
787,6.33,3.6100000000000003,0.0,11.59,4.09
788,6.33,1.32,4.03,2.23,8.56
789,8.299999999999999,3.29,9.58,1.73,11.259999999999998
790,12.12,10.79,7.52,15.729999999999999,9.059999999999999
791,0.69,2.5999999999999996,7.180000000000001,7.180000000000001,0.0
792,0.69,2.5999999999999996,7.180000000000001,4.4,0.0
793,5.58,17.75,5.58,2.55,17.54
794,0.0,3.1799999999999997,3.13,5.58,2.6799999999999997
795,1.38,6.89,0.0,3.1799999999999997,9999.0
796,2.55,9999.0,0.0,17.75,9999.0
797,6.89,2.55,4.99,1.28,9999.0
798,3.13,5.58,17.75,17.54,3.0300000000000002
799,17.54,17.75,2.55,9999.0,0.0
800,9999.0,9999.0,3.1799999999999997,2.6799999999999997,6.89
801,3.32,9.67,9.07,9.07,1.3
802,4.88,4.88,4.05,4.47,1.91
803,4.05,4.39,3.32,9.67,1.91
804,1.91,4.88,1.3,9.07,4.47
805,1.3,3.32,1.91,2.9699999999999998,2.18
806,9.67,9.67,4.47,4.39,9999.0
807,4.47,4.88,1.3,1.3,2.42
808,2.42,9999.0,9.67,1.3,4.47
809,4.05,9999.0,9.67,4.47,2.18
810,9999.0,1.3,4.47,4.88,9.67
811,2.7800000000000002,1.3,2.42,4.88,2.18
812,0.69,0.0,7.180000000000001,4.4,0.0
813,0.69,0.69,7.180000000000001,4.4,0.0
814,0.69,0.69,7.180000000000001,4.4,0.0
815,6.85,6.85,9.709999999999999,19.8,22.830000000000002
816,9.809999999999999,6.85,19.8,19.8,22.830000000000002
817,1.53,2.84,8.7,9999.0,0.8
818,2.41,4.69,2.86,9999.0,1.32
819,9999.0,0.0,2.29,9999.0,13.87
820,9999.0,12.070000000000002,9999.0,8.850000000000001,2.86
821,6.85,8.62,11.059999999999999,16.16,2.71
822,2.71,8.1,0.0,11.059999999999999,14.55
823,0.0,3.61,11.52,12.93,7.359999999999999
824,8.1,9.86,7.359999999999999,16.16,11.52
825,7.359999999999999,14.55,2.96,8.62,2.86
826,0.0,9.86,7.359999999999999,12.93,2.71
827,0.0,9.86,2.71,13.129999999999999,9999.0
828,11.059999999999999,11.52,9.86,2.71,8.62
829,9999.0,13.129999999999999,11.059999999999999,14.55,8.1
830,2.96,8.1,8.62,0.0,9.79
831,9.86,12.93,11.52,1.5,8.1
832,3.34,11.059999999999999,7.359999999999999,9.86,9.79
833,7.359999999999999,2.71,3.34,0.0,1.5
834,0.0,9.86,9.79,2.86,12.93
835,2.41,1.32,9999.0,5.300000000000001,8.850000000000001
836,0.0,5.24,12.070000000000002,9.2,13.87
837,2.41,12.070000000000002,9999.0,13.299999999999999,10.170000000000002
838,4.69,5.24,1.32,0.0,9999.0
839,9999.0,5.71,3.33,0.0,4.47
840,0.0,3.76,13.809999999999999,3.76,5.71
841,6.99,13.809999999999999,5.71,3.76,9999.0
842,0.0,12.549999999999999,5.300000000000001,0.0,8.2
843,12.549999999999999,9999.0,2.29,8.850000000000001,9.62
844,0.0,8.2,9.62,2.41,13.87
845,12.070000000000002,9999.0,10.170000000000002,2.29,9999.0
846,8.760000000000002,0.0,8.760000000000002,1.32,9999.0
847,5.24,5.300000000000001,13.299999999999999,9999.0,4.69
848,2.86,9999.0,8.760000000000002,9.2,9.62
849,10.27,5.24,9999.0,0.0,9999.0
850,9.2,9999.0,8.850000000000001,10.170000000000002,8.6
851,12.549999999999999,9999.0,9.2,9999.0,8.760000000000002
852,6.99,13.009999999999998,9.459999999999999,6.38,8.88
853,4.47,0.0,6.38,6.99,7.92
854,0.0,9999.0,7.92,6.99,8.88
855,8.88,6.38,4.47,7.92,9.459999999999999
856,2.6799999999999997,2.55,0.0,3.1799999999999997,3.13
857,17.54,3.13,9999.0,1.38,17.75
858,3.13,2.6799999999999997,9999.0,17.54,17.75
859,7.33,9999.0,4.21,3.6100000000000003,8.29
860,4.39,2.7800000000000002,2.18,4.05,3.32
861,3.32,3.32,1.91,1.3,4.47
862,9999.0,14.45,3.6100000000000003,7.300000000000001,7.21
863,9999.0,7.33,4.21,7.300000000000001,0.0
864,14.45,12.23,11.690000000000001,7.21,9.05
865,5.84,3.6100000000000003,2.11,7.300000000000001,14.45
866,3.6100000000000003,11.55,15.360000000000001,10.260000000000002,7.47
867,11.55,9999.0,9.05,4.21,2.11
868,5.99,1.5,7.33,5.84,10.260000000000002
869,13.190000000000001,5.99,14.45,7.21,5.84
870,4.21,1.5,11.690000000000001,7.64,11.690000000000001
871,4.21,11.690000000000001,14.48,2.11,1.5
872,10.260000000000002,14.48,2.29,1.5,2.11
873,10.260000000000002,3.6100000000000003,2.11,9999.0,0.0
874,3.96,9999.0,2.29,14.48,3.6100000000000003
875,9.05,5.99,15.360000000000001,11.55,9999.0
876,9.86,7.359999999999999,9.86,1.5,3.61
877,0.0,2.96,14.55,6.85,14.55
878,12.23,14.48,9.16,7.300000000000001,11.690000000000001
879,9.05,12.330000000000002,9999.0,2.29,5.99
880,3.96,4.21,10.82,5.84,7.33
881,1.5,7.47,7.47,3.96,7.64
882,9999.0,9.16,7.21,12.330000000000002,9999.0
883,8.29,7.47,9999.0,10.260000000000002,10.82
884,10.82,7.21,11.690000000000001,14.48,7.33
885,7.47,2.29,15.360000000000001,10.260000000000002,13.190000000000001
886,13.190000000000001,15.360000000000001,0.0,10.260000000000002,4.21
887,3.67,8.040000000000001,10.27,4.44,3.67
888,8.629999999999999,8.040000000000001,4.44,3.67,3.67
889,5.84,2.11,4.21,1.5,10.82
890,8.29,7.64,3.6100000000000003,7.300000000000001,10.260000000000002
891,2.11,9999.0,0.0,11.690000000000001,9.16
892,1.5,14.48,1.5,8.29,2.29
893,12.23,4.21,1.5,14.45,7.300000000000001
894,14.45,7.33,9.16,4.21,13.190000000000001
895,12.23,2.11,3.96,15.360000000000001,9.16
896,8.62,7.359999999999999,6.85,11.059999999999999,8.1
897,13.129999999999999,6.85,11.059999999999999,8.1,13.129999999999999
898,3.6100000000000003,14.45,9.16,4.21,9999.0
899,3.96,12.330000000000002,5.84,2.11,15.360000000000001
900,3.96,13.190000000000001,9999.0,7.64,8.29
901,3.77,18.52,9999.0,3.77,1.73
902,18.52,1.73,0.0,10.34,3.77
903,18.52,0.0,0.0,9999.0,3.77
904,5.58,6.89,3.0300000000000002,2.55,1.28
905,17.75,1.38,6.89,17.54,0.0
906,3.0300000000000002,1.28,5.58,2.55,9999.0
907,12.23,1.5,4.21,7.64,14.48
908,11.690000000000001,11.55,9999.0,8.29,7.47
909,14.45,3.96,9999.0,10.82,3.96
910,2.29,7.64,12.23,5.99,14.48
911,13.190000000000001,9999.0,14.45,5.84,4.21
912,9.16,13.190000000000001,10.82,1.5,7.47
913,15.360000000000001,5.99,14.45,5.84,7.47
914,3.0700000000000003,3.0700000000000003,4.16,0.0,8.19
915,4.16,9.05,4.16,0.0,8.19
916,8.1,7.359999999999999,1.5,14.55,2.86
917,0.0,12.93,12.93,2.71,1.5
918,9.79,13.129999999999999,14.55,0.0,9.86
919,2.96,6.85,1.5,13.129999999999999,8.1
920,8.299999999999999,11.259999999999998,1.73,8.67,9.58
921,9.07,4.88,2.7800000000000002,2.7800000000000002,2.9699999999999998
922,8.1,5.24,3.7800000000000002,5.4,8.059999999999999
923,5.24,5.4,8.059999999999999,5.029999999999999,0.0
924,4.85,10.84,14.72,12.91,6.17
925,10.84,4.85,7.91,12.91,15.94
926,12.91,15.94,14.72,4.85,7.91
927,10.84,12.91,6.17,14.72,7.91
928,2.6,5.89,0.0,1.18,4.21
929,1.18,5.89,0.0,1.18,4.21
930,2.6,5.89,0.0,1.18,4.21
931,3.1799999999999997,5.58,2.6799999999999997,6.89,1.38
932,3.1799999999999997,4.99,9999.0,2.6799999999999997,1.38
933,0.88,6.88,1.4,4.22,13.169999999999998
934,18.56,0.0,3.5399999999999996,3.09,3.17
935,17.089999999999996,2.12,2.82,6.199999999999999,20.21
936,9.18,8.7,16.119999999999997,5.25,19.060000000000002
937,17.13,13.749999999999998,8.68,1.4,1.79
938,3.13,7.78,3.09,5.19,2.49
939,9999.0,9999.0,9999.0,9999.0,9999.0
940,9999.0,9999.0,9999.0,9999.0,9999.0
941,9999.0,9999.0,9999.0,9999.0,9999.0
942,13.129999999999999,16.65,9.3,16.799999999999997,9.3
943,13.71,14.68,14.91,12.759999999999998,13.75
944,5.3,11.829999999999998,13.71,11.829999999999998,24.549999999999997
945,7.66,4.95,5.74,7.66,8.81
946,0.0,6.83,8.1,5.029999999999999,8.059999999999999
947,3.97,5.24,3.7800000000000002,8.1,5.029999999999999
948,17.75,0.0,1.28,2.6799999999999997,2.55
949,3.13,0.0,17.75,3.0300000000000002,1.38
950,5.58,1.38,0.0,9999.0,1.38
951,7.91,10.84,14.72,12.91,4.85
952,4.85,6.17,15.94,7.91,15.94
953,2.8099999999999996,1.41,3.9699999999999998,5.18,3.3099999999999996
954,12.91,4.85,14.72,15.94,10.84
955,15.94,4.85,12.91,14.72,6.17
956,10.84,15.94,7.91,4.85,6.17
957,16.92,18.73,15.46,19.43,13.8
958,3.24,15.05,7.1,6.99,4.98
959,3.24,4.7,6.99,4.98,3.0700000000000003
960,7.66,4.95,8.81,5.0600000000000005,8.81
961,7.66,5.0600000000000005,5.74,5.0600000000000005,8.81
962,8.7,3.6900000000000004,6.13,6.13,2.5700000000000003
963,5.2,8.7,2.21,0.8,2.5700000000000003
964,8.7,2.5700000000000003,3.6900000000000004,6.13,0.62
965,2.5700000000000003,0.8,5.2,8.7,1.9300000000000002
966,19.32,19.32,11.96,6.07,6.05
967,6.85,5.62,10.68,5.86,12.2
968,4.71,23.48,1.18,23.64,5.56
969,8.01,5.62,12.68,4.949999999999999,5.62
970,8.51,14.61,1.18,21.31,3.92
971,9.809999999999999,9.809999999999999,9.709999999999999,19.8,22.830000000000002
972,9.709999999999999,6.85,9.709999999999999,19.8,22.830000000000002
